<?xml version="1.0" encoding="UTF-8"?>
<project-private xmlns="http://www.netbeans.org/ns/project-private/1">
    <editor-bookmarks xmlns="http://www.netbeans.org/ns/editor-bookmarks/2" lastBookmarkId="0"/>
    <open-files xmlns="http://www.netbeans.org/ns/projectui-open-files/2">
        <group>
            <file>file:/Users/seya/Downloads/aplikasiPergudangan-main/AplikasiPergudangan/src/com/component/menu.java</file>
            <file>file:/Users/seya/Downloads/aplikasiPergudangan-main/AplikasiPergudangan/src/com/model/model_Menu.java</file>
            <file>file:/Users/seya/Downloads/aplikasiPergudangan-main/AplikasiPergudangan/src/com/main/frLoginPengirim.java</file>
            <file>file:/Users/seya/Downloads/aplikasiPergudangan-main/AplikasiPergudangan/src/com/main/frMain.java</file>
            <file>file:/Users/seya/Downloads/aplikasiPergudangan-main/AplikasiPergudangan/src/com/icon/home.png</file>
            <file>file:/Users/seya/Downloads/aplikasiPergudangan-main/AplikasiPergudangan/src/com/icon/warehouse.png</file>
            <file>file:/Users/seya/Downloads/aplikasiPergudangan-main/AplikasiPergudangan/src/com/main/frLogin.java</file>
            <file>file:/Users/seya/Downloads/aplikasiPergudangan-main/AplikasiPergudangan/src/com/main/frLoginKurir.java</file>
            <file>file:/Users/seya/Downloads/aplikasiPergudangan-main/AplikasiPergudangan/src/com/component/navbar.java</file>
        </group>
    </open-files>
</project-private>
